"","id","date","price","bedrooms","bathrooms","sqft_living","sqft_lot","floors","waterfront","view","condition","grade","sqft_above","sqft_basement","yr_built","yr_renovated","zipcode","lat","long","sqft_living15","sqft_lot15"
"83",9418400240,"20141028T000000",355000,2,1,2020,6720,1,0,0,3,7,1010,1010,1948,0,98118,47.5474,-122.291,1720,6720
"124",3524049083,"20141104T000000",445000,4,1.75,2100,4400,1.5,0,0,5,7,1720,380,1924,0,98118,47.5299,-122.266,1850,4400
"215",1102000196,"20140527T000000",477000,4,2.75,1720,6270,2,0,0,3,8,1720,0,1978,0,98118,47.5458,-122.268,2130,8700
"254",1105000588,"20150421T000000",349500,3,1,1400,3538,1,0,0,3,7,800,600,1953,0,98118,47.5405,-122.27,1620,6331
"280",9412900055,"20150505T000000",405000,3,1.75,2390,6000,1,0,0,3,6,1240,1150,1908,0,98118,47.5362,-122.268,2020,6000
"356",6607000126,"20140604T000000",375000,4,1.75,2200,7475,1,0,0,5,7,1100,1100,1955,0,98118,47.543,-122.28,1600,5766
"399",1604601375,"20140619T000000",378750,3,2.5,2160,3000,1.5,0,0,3,7,1260,900,1909,2011,98118,47.5644,-122.289,1060,3500
"477",1604602050,"20140711T000000",460000,3,2.5,1610,2527,2,0,2,3,9,1080,530,2005,0,98118,47.5674,-122.29,1610,4173
"488",1895000260,"20140721T000000",207950,2,2,890,5000,1,0,0,3,6,890,0,1917,0,98118,47.5158,-122.264,1860,5000
"653",3226200105,"20140523T000000",325000,3,1,1920,6862,1,0,2,3,7,1120,800,1952,0,98118,47.5193,-122.274,2000,6900
"702",1895000045,"20150504T000000",195000,2,1,820,5100,1,0,0,3,6,820,0,1953,0,98118,47.5156,-122.262,1170,5304
"760",770000045,"20141024T000000",405600,5,1.5,2830,4000,2.5,0,0,4,8,2830,0,1918,0,98118,47.5132,-122.262,1480,4000
"826",4006000251,"20140822T000000",226000,3,1,970,5000,1,0,0,3,6,970,0,1968,0,98118,47.5282,-122.279,1290,5875
"869",3330500875,"20141226T000000",381156,2,1,1320,3090,1,0,0,4,7,1320,0,1908,0,98118,47.5517,-122.276,1270,4120
"928",1109000390,"20150310T000000",420000,3,1.5,2390,4600,2,0,0,3,8,1750,640,1920,1995,98118,47.5383,-122.268,1690,5220
"931",3395070640,"20140902T000000",3e+05,3,2.5,1320,2614,2,0,0,3,7,1320,0,2005,0,98118,47.5355,-122.283,1320,2533
"942",3332000135,"20140612T000000",315000,2,1,970,5665,1,0,0,4,6,970,0,1908,0,98118,47.5513,-122.273,1490,4429
"951",3812400070,"20150506T000000",435000,5,1,1410,6750,1.5,0,0,3,6,1410,0,1929,0,98118,47.5453,-122.278,1360,6750
"960",8113101670,"20141203T000000",378000,4,1.5,2140,7920,1,0,0,3,7,1190,950,1959,0,98118,47.5491,-122.272,2140,7238
"1160",6064800710,"20141002T000000",315000,3,2.5,1570,2865,2,0,0,3,7,1570,0,2003,0,98118,47.5412,-122.288,1610,2582
"1178",3334000055,"20150429T000000",585000,2,1.75,1280,7110,1,0,0,4,7,1000,280,1955,0,98118,47.5569,-122.273,1550,6835
"1191",2624049185,"20140909T000000",405000,3,1.75,1760,5355,1,0,0,3,7,1160,600,1956,0,98118,47.5368,-122.267,1790,6225
"1203",1231000510,"20140922T000000",263000,3,1.75,1490,3800,1,0,0,3,6,700,790,1913,0,98118,47.5554,-122.27,2180,4000
"1204",1231000510,"20150504T000000",510000,3,1.75,1490,3800,1,0,0,3,6,700,790,1913,0,98118,47.5554,-122.27,2180,4000
"1225",3331000070,"20140606T000000",735000,4,2.5,2820,6180,2,0,0,3,9,2050,770,2013,0,98118,47.5529,-122.281,1390,4635
"1229",5249800729,"20150330T000000",680000,6,3.5,3000,6320,2,0,2,3,8,2400,600,1969,0,98118,47.562,-122.279,1720,6360
"1264",4109600055,"20141229T000000",614000,5,2.5,3150,5150,2,0,0,5,8,1870,1280,1907,2004,98118,47.5506,-122.269,1550,5150
"1350",3731800055,"20140605T000000",450000,4,1,2000,4676,1.5,0,0,3,7,1250,750,1916,1986,98118,47.5529,-122.268,1140,4676
"1480",5266300140,"20150408T000000",701000,4,1.5,1840,10080,2,0,0,3,8,1840,0,1907,0,98118,47.5575,-122.279,1830,5040
"1514",402000260,"20150211T000000",190000,2,1,700,9500,1,0,0,3,6,700,0,1951,0,98118,47.5294,-122.276,1020,5617
"1564",1231000520,"20141118T000000",607010,4,2.5,2180,4000,2,0,0,3,8,1700,480,2002,0,98118,47.5553,-122.269,2180,4000
"1597",3333002440,"20140604T000000",327500,3,1,1070,7140,1,0,0,3,7,1070,0,1989,0,98118,47.5427,-122.288,1390,2374
"1615",2624049117,"20140903T000000",425000,3,1,1550,4160,1.5,0,0,4,6,1550,0,1926,0,98118,47.5387,-122.265,1590,5000
"1635",7129300935,"20141105T000000",415000,3,1.75,2380,5650,1,0,2,4,8,1190,1190,1956,0,98118,47.5119,-122.255,2350,6554
"1640",8952900204,"20141029T000000",810000,5,3.5,3550,9600,2,0,0,3,9,2550,1000,1998,0,98118,47.5484,-122.269,2030,9600
"1668",5649600435,"20150108T000000",349950,5,2,1880,4179,1,0,0,3,7,940,940,1952,2000,98118,47.5536,-122.283,1350,5150
"1679",2658000335,"20141027T000000",275000,3,1.25,1230,4500,1.5,0,0,4,7,1230,0,1913,0,98118,47.5301,-122.271,1310,5000
"1680",1702901557,"20140911T000000",445000,5,3,2930,5500,1,0,0,3,7,1750,1180,1951,0,98118,47.5572,-122.281,1400,5500
"1761",8113600004,"20140520T000000",599950,3,2.5,2660,4975,2,0,0,3,8,2660,0,2014,0,98118,47.5487,-122.272,1840,6653
"1803",1705400055,"20140719T000000",519000,4,1,1640,6305,1.5,0,0,5,6,1640,0,1907,0,98118,47.5563,-122.28,1590,4816
"1854",7135300046,"20140716T000000",210000,2,1,1450,4750,1,0,0,3,7,850,600,1950,0,98118,47.5293,-122.272,1190,5000
"1933",9188200570,"20140902T000000",333800,5,3,1980,3868,1,0,0,3,7,1220,760,1990,0,98118,47.5173,-122.275,1970,3868
"1966",8952900260,"20140919T000000",375000,3,1,1130,12500,1.5,0,0,3,7,1130,0,1954,0,98118,47.5491,-122.268,2280,8750
"2009",1112000125,"20140930T000000",463500,1,1,1090,8750,1,0,0,4,6,1090,0,1924,0,98118,47.54,-122.269,1830,5000
"2134",5249804510,"20140716T000000",655000,3,2,1410,4800,1.5,0,0,4,8,1410,0,1927,0,98118,47.5597,-122.267,1820,7200
"2239",1704900135,"20141111T000000",315000,2,1,840,5087,1,0,0,3,7,840,0,1925,0,98118,47.5557,-122.278,1590,5087
"2307",3145600045,"20150225T000000",302000,6,2,2650,4621,1.5,0,0,3,8,2650,0,1911,0,98118,47.5543,-122.275,1640,4879
"2326",3634100030,"20150109T000000",270000,4,2,1830,5220,1.5,0,0,3,7,1830,0,1951,0,98118,47.5331,-122.278,1760,5757
"2367",1702901180,"20140611T000000",665000,6,3,4250,4400,2.5,0,0,4,7,3020,1230,1902,0,98118,47.5584,-122.283,1520,4950
"2371",4154300465,"20140916T000000",719000,5,2,3110,6131,1,0,0,5,7,1560,1550,1940,0,98118,47.5615,-122.279,1720,6600
"2401",3336000791,"20150407T000000",325000,3,1,950,4500,1,0,0,4,6,950,0,1943,0,98118,47.5273,-122.265,1140,4500
"2416",3904100106,"20150427T000000",335000,3,1,2320,6750,1,0,0,3,7,1160,1160,1960,0,98118,47.5327,-122.276,1230,6075
"2452",7896300070,"20150501T000000",265000,4,1,1290,6034,1,0,0,3,6,1050,240,1950,0,98118,47.5223,-122.286,1060,6034
"2482",7186800105,"20150112T000000",236500,4,1,2140,4217,1.5,0,0,3,6,1320,820,1925,0,98118,47.5484,-122.287,1720,5413
"2506",1005000036,"20140613T000000",285000,3,1.75,1840,8601,1,0,0,3,7,920,920,1905,2014,98118,47.5359,-122.276,1390,7452
"2519",9412900045,"20140519T000000",462000,3,1.5,1710,4500,1.5,0,0,3,8,1410,300,1928,0,98118,47.5366,-122.268,1860,6000
"2603",8113101232,"20141202T000000",343000,2,1,1180,9261,1,0,0,4,7,940,240,1957,0,98118,47.5492,-122.274,1700,6325
"2705",5583200810,"20150402T000000",662700,2,1.5,2440,6900,2,0,0,3,7,1590,850,1910,0,98118,47.5568,-122.271,1770,6900
"2919",3812400657,"20141204T000000",160000,3,1,1200,8360,1,0,0,2,6,1200,0,1948,0,98118,47.5414,-122.281,1570,6823
"3006",2123700015,"20150512T000000",228800,4,2.5,1470,1612,2,0,0,3,7,980,490,2003,0,98118,47.5275,-122.271,1460,5027
"3055",7130300690,"20141028T000000",308000,2,1,1080,6250,1,0,2,4,7,1080,0,1942,1968,98118,47.5128,-122.251,2100,6875
"3064",6896300375,"20140505T000000",580000,2,1,2540,7000,1,0,0,5,8,1320,1220,1942,0,98118,47.5259,-122.261,2160,6000
"3079",3332500265,"20140807T000000",311000,2,1,860,3300,1,0,0,5,6,860,0,1903,0,98118,47.5496,-122.279,1380,4400
"3119",5249802424,"20150417T000000",415000,2,1,670,6000,1,0,0,5,6,670,0,1949,0,98118,47.561,-122.275,1240,5040
"3125",4109600195,"20140718T000000",524000,4,2.75,2310,5000,1.5,0,0,5,8,1480,830,1908,0,98118,47.5502,-122.268,1100,5000
"3169",7129304105,"20140729T000000",285000,4,2,1760,5500,1,0,1,3,7,780,980,1925,2004,98118,47.5183,-122.265,1510,5500
"3362",7135300026,"20141224T000000",160000,2,2,1040,4750,1,0,0,2,6,850,190,1950,0,98118,47.5293,-122.272,1350,5000
"3391",5249801785,"20141205T000000",579000,2,2,1760,7200,1,0,0,5,7,880,880,1946,0,98118,47.5658,-122.276,1760,7200
"3423",3241600015,"20150305T000000",250000,3,1,1130,7800,1,0,0,3,7,1130,0,1952,0,98118,47.5239,-122.288,1170,7800
"3434",8121100015,"20150505T000000",550000,3,1,1070,3713,1,0,0,4,6,1070,0,1917,0,98118,47.5683,-122.285,1290,3960
"3465",4154305290,"20141120T000000",805000,5,3,2350,6480,2,0,3,4,7,1650,700,1924,1962,98118,47.558,-122.266,1840,7200
"3504",5249802460,"20141210T000000",5e+05,3,1,1800,7200,1,0,0,3,7,1020,780,1964,0,98118,47.5616,-122.275,1740,5475
"3507",8121100265,"20140521T000000",635000,4,2.25,2750,6180,1,0,0,4,8,1500,1250,1948,0,98118,47.5691,-122.284,1740,6180
"3585",7129304085,"20140708T000000",330000,3,2.25,2220,4060,1,0,0,3,7,1330,890,1993,0,98118,47.5188,-122.265,1930,5625
"3630",5249804560,"20140818T000000",510000,4,1,1060,7200,1,0,1,3,6,880,180,1925,0,98118,47.5591,-122.268,1910,7200
"3690",1231001110,"20140722T000000",380000,3,1,920,3532,1,0,0,3,6,920,0,1910,0,98118,47.5539,-122.268,1250,4000
"3704",1314300018,"20150324T000000",367500,3,3.25,1400,1343,2,0,0,3,7,1160,240,2005,0,98118,47.5483,-122.277,1400,1326
"3706",1105000296,"20141229T000000",230000,2,1,720,5913,1,0,0,3,6,720,0,1920,0,98118,47.5447,-122.27,1560,6600
"3765",1105000011,"20141209T000000",367777,5,3,2140,5937,1,0,0,3,7,1280,860,1978,0,98118,47.5459,-122.27,1820,6710
"3769",5621100115,"20141218T000000",255000,2,1,740,5000,1,0,0,4,6,740,0,1926,0,98118,47.5298,-122.273,1170,4968
"3783",7243500025,"20140519T000000",411000,4,2.75,2500,5257,2,0,0,3,8,2500,0,1966,0,98118,47.5293,-122.287,1660,5970
"3852",7131300025,"20140521T000000",210000,3,1,1240,4842,1,0,0,4,6,1240,0,1916,0,98118,47.5166,-122.269,1540,5110
"3858",9830200475,"20150323T000000",525000,3,3.25,2200,7440,2,0,0,4,7,1710,490,1947,0,98118,47.5409,-122.268,1260,6765
"3883",7129302095,"20150213T000000",265000,3,1,1122,6554,1.5,0,0,3,5,1122,0,1900,0,98118,47.5135,-122.257,1610,5650
"4013",8121100600,"20150324T000000",525000,3,1,1640,6180,1,0,0,4,7,1640,0,1946,0,98118,47.5682,-122.284,1540,6180
"4034",7129302235,"20150122T000000",325000,3,1.75,2080,6554,1,0,0,3,7,1040,1040,1950,0,98118,47.5135,-122.257,1230,5650
"4049",1105000745,"20150123T000000",227064,3,1.5,1570,10824,2,0,0,3,7,1570,0,1908,0,98118,47.54,-122.275,1530,8125
"4086",6888900115,"20150216T000000",555750,3,1,1060,4880,1,0,0,2,6,910,150,1913,0,98118,47.5545,-122.288,1200,4880
"4087",3031200165,"20140611T000000",262500,3,1.5,1160,8906,1,0,0,3,7,1160,0,1962,0,98118,47.5362,-122.29,1160,8906
"4135",7129302615,"20150304T000000",292000,3,1.75,1090,4500,1.5,0,0,5,8,1090,0,1929,0,98118,47.5157,-122.256,1640,5225
"4196",2724049076,"20140822T000000",470000,4,1,2590,18224,1.5,0,0,4,7,2000,590,1911,0,98118,47.5318,-122.286,1800,7080
"4314",5249803885,"20141215T000000",430000,3,1,1740,4800,1,0,0,3,8,1740,0,1952,0,98118,47.5596,-122.27,1600,4800
"4319",8113100850,"20150410T000000",402500,3,1,1290,4000,1.5,0,0,3,7,1290,0,1926,0,98118,47.5462,-122.277,1160,5040
"4335",5249805090,"20150407T000000",705000,4,1.5,1780,3120,1.5,0,3,3,8,1780,0,1926,0,98118,47.5589,-122.264,1710,3600
"4347",1112000031,"20150318T000000",715000,3,2.25,1990,4977,3,0,0,3,9,1990,0,2012,0,98118,47.5404,-122.268,1280,5000
"4376",3812400854,"20141028T000000",352800,4,2,2080,6360,1,0,0,3,7,1330,750,1960,0,98118,47.5392,-122.278,2080,6741
"4384",3332000195,"20140924T000000",167500,3,1,760,3090,1,0,0,2,5,760,0,1903,0,98118,47.5513,-122.275,1020,5356
"4396",4112100165,"20150317T000000",475000,3,3,2010,2554,2,0,0,3,7,1860,150,2001,0,98118,47.5525,-122.269,1370,5100
"4423",8835900015,"20141212T000000",475000,3,1,1600,7161,1,0,0,3,8,1600,0,1953,0,98118,47.5507,-122.261,1760,8280
"4462",402000115,"20141122T000000",263500,3,1.75,1540,6273,1,0,0,4,6,770,770,1951,0,98118,47.5305,-122.277,1140,5512
"4468",3330500705,"20140515T000000",197500,3,1,980,3090,1.5,0,0,3,6,980,0,1903,0,98118,47.5525,-122.277,980,3090
"4470",3335000025,"20141112T000000",468000,3,2,1570,6300,1,0,0,3,7,820,750,1953,2005,98118,47.5565,-122.275,1510,4281
"4533",7130300785,"20140616T000000",418000,4,3,2360,6250,1,0,2,3,7,1460,900,1960,0,98118,47.512,-122.249,2500,6250
"4551",7165700110,"20150507T000000",280000,3,3,1390,1080,2,0,0,3,7,1140,250,2006,0,98118,47.5325,-122.282,1450,1461
"4575",3336001911,"20140728T000000",319000,2,1,960,4400,1,0,0,4,7,960,0,1951,0,98118,47.5269,-122.264,1520,5000
"4591",2124700015,"20140716T000000",345000,3,1,1120,10176,1,0,0,3,6,920,200,1905,0,98118,47.5235,-122.277,1350,7500
"4717",5249801720,"20141113T000000",415000,3,2.5,1280,5040,2,0,0,4,7,1280,0,1985,0,98118,47.5611,-122.276,1500,5040
"4720",2724049146,"20150317T000000",420000,3,1,1060,6000,1,0,0,3,8,1060,0,1954,0,98118,47.5427,-122.275,1240,7874
"4743",3330501545,"20141201T000000",330000,2,1,950,3090,1,0,0,4,6,950,0,1909,0,98118,47.551,-122.276,1230,4120
"4811",1105000233,"20140906T000000",255000,2,1,940,9330,1,0,0,3,6,940,0,1941,0,98118,47.5445,-122.273,1900,6145
"4830",3330500920,"20141030T000000",339950,2,1,800,3090,1,0,0,4,6,800,0,1925,0,98118,47.5518,-122.277,1400,3090
"4869",6896300380,"20141002T000000",228000,0,1,390,5900,1,0,0,2,4,390,0,1953,0,98118,47.526,-122.261,2170,6000
"4899",4154300275,"20150115T000000",245000,2,1,990,4800,1,0,0,3,6,990,0,1908,0,98118,47.5615,-122.28,1700,5400
"4902",1604600660,"20140512T000000",350000,2,1,910,4500,1.5,0,0,4,7,910,0,1906,0,98118,47.5633,-122.289,1270,3500
"4915",7950302890,"20141230T000000",455000,4,2,2380,4500,1.5,0,0,3,6,1470,910,1926,2014,98118,47.5652,-122.281,1300,4500
"4930",9830200380,"20140917T000000",653000,3,3,3040,5067,3,0,2,3,10,3040,0,1993,0,98118,47.5409,-122.267,1820,5998
"5068",2624049167,"20150423T000000",461550,3,1.5,2090,11895,1,0,0,3,7,1790,300,1954,0,98118,47.5362,-122.267,2180,11072
"5118",9412400185,"20140619T000000",1309500,4,4.5,4750,13912,2,0,2,3,10,3600,1150,2005,0,98118,47.5332,-122.265,3600,22124
"5156",3333002385,"20150417T000000",370000,5,3,2220,5185,2,0,3,3,7,2220,0,2003,0,98118,47.543,-122.29,2340,6316
"5186",3333002790,"20150123T000000",243500,2,1,900,5016,1,0,0,3,6,900,0,1948,0,98118,47.542,-122.282,1420,5184
"5190",3145600250,"20150317T000000",190000,2,1,670,3101,1,0,0,4,6,670,0,1948,0,98118,47.5546,-122.274,1660,4100
"5220",2690600005,"20141001T000000",162500,2,1,760,6141,1,0,0,2,6,760,0,1920,0,98118,47.5469,-122.277,900,4120
"5321",1443500305,"20141013T000000",194990,6,2.5,1560,7144,1,0,0,3,6,1060,500,1913,0,98118,47.5335,-122.272,1300,6232
"5358",3332000091,"20150224T000000",320000,3,1,1190,4120,1,0,0,3,6,1190,0,1929,0,98118,47.5513,-122.272,1360,4635
"5408",7129300595,"20150506T000000",158000,3,2,1090,6090,1,0,0,3,7,940,150,1940,0,98118,47.5118,-122.259,1840,6090
"5419",3334000050,"20140721T000000",425000,2,1,1150,6835,1,0,1,3,7,1010,140,1922,0,98118,47.5567,-122.273,1150,6561
"5435",3723800086,"20140624T000000",665000,6,2.75,2840,8346,1,0,0,5,8,1420,1420,1961,0,98118,47.5518,-122.266,2250,8346
"5491",1443500725,"20150423T000000",280000,3,1,1350,7553,1.5,0,0,3,6,1350,0,1914,0,98118,47.5345,-122.274,1380,7470
"5499",2589300170,"20150324T000000",366350,4,1,1680,5043,1.5,0,0,4,6,1680,0,1911,0,98118,47.5354,-122.273,1560,5765
"5506",1105000780,"20150403T000000",425000,3,1.5,1660,5665,1,0,0,5,7,920,740,1918,0,98118,47.5391,-122.274,1530,5665
"5510",8121100715,"20150209T000000",1086000,3,3,2830,6041,2,0,3,3,8,1840,990,1915,0,98118,47.5694,-122.283,3420,6360
"5537",7950300005,"20140528T000000",681000,3,1,1700,6356,1.5,0,0,3,7,1700,0,1907,0,98118,47.5677,-122.281,2080,6000
"5539",8944550050,"20150508T000000",448500,3,2.5,2080,3920,2,0,0,3,8,2080,0,2010,0,98118,47.5412,-122.286,2110,3710
"5573",1604600095,"20140708T000000",362000,5,3,1810,3000,2,0,0,3,7,1810,0,1998,0,98118,47.5622,-122.291,1670,3000
"5890",1705400244,"20150402T000000",535000,2,1,1390,5346,1,0,0,5,7,960,430,1908,0,98118,47.5567,-122.279,1450,5040
"5926",7950300670,"20150218T000000",450000,2,1,1120,4590,1,0,0,3,7,1120,0,1924,0,98118,47.5663,-122.285,1120,5100
"5972",3723800415,"20141015T000000",425000,2,2,1440,6677,1,0,0,3,7,870,570,1952,0,98118,47.5513,-122.264,2020,7642
"6114",5249800345,"20140619T000000",590300,3,1.5,1470,7200,2,0,0,4,7,1470,0,1907,0,98118,47.5602,-122.28,1530,7200
"6121",7135300275,"20140904T000000",185000,1,1,720,5000,1,0,0,4,6,720,0,1908,0,98118,47.5289,-122.272,1170,5000
"6194",1183000005,"20150408T000000",450000,3,2,1680,4886,2,0,0,3,7,1180,500,1940,0,98118,47.5536,-122.286,1400,4900
"6283",8071000050,"20141113T000000",270000,2,1,1040,5700,1,0,0,3,6,1040,0,1922,0,98118,47.519,-122.26,1380,5700
"6334",2624049169,"20141211T000000",4e+05,3,1.5,1890,6183,1,0,0,3,7,1090,800,1967,0,98118,47.5396,-122.269,1750,6183
"6362",3723800414,"20150320T000000",852000,4,2.5,2620,7328,2,0,0,3,8,2620,0,1983,0,98118,47.5514,-122.263,1670,5080
"6370",3336001946,"20150307T000000",263300,2,1,900,4500,1,0,0,3,7,900,0,1951,0,98118,47.5273,-122.265,1175,5320
"6403",2624049091,"20150313T000000",2903000,5,2.5,3750,91681,2,1,4,3,10,3750,0,1925,0,98118,47.5379,-122.264,3540,24293
"6541",3333500151,"20150507T000000",598200,5,3.75,2980,4635,3,0,0,3,8,2980,0,1997,0,98118,47.5508,-122.268,1100,5150
"6593",6616000010,"20140825T000000",814000,4,2.5,2840,8820,1,0,2,5,8,1420,1420,1952,0,98118,47.5542,-122.265,2310,8750
"6655",7950302210,"20141114T000000",358000,4,2,2200,3060,1,0,0,3,7,1100,1100,1908,2000,98118,47.565,-122.284,1410,5100
"6695",3331001995,"20150123T000000",509990,3,2,1440,4859,2,0,0,2,6,1440,0,1921,0,98118,47.5503,-122.285,1360,4558
"6732",323049148,"20141219T000000",319000,3,2,1640,9234,1,0,0,5,7,1060,580,1967,0,98118,47.5162,-122.274,2230,10354
"6745",4006000509,"20140916T000000",333000,3,1,1620,5040,1,0,0,3,7,1120,500,1964,0,98118,47.5263,-122.286,1790,6178
"6758",4112100101,"20150219T000000",415000,6,2,2500,5200,1,0,0,3,8,1250,1250,1966,0,98118,47.5517,-122.268,1800,5200
"6832",8835900086,"20140902T000000",350000,4,3,3380,16133,1,0,1,3,8,2330,1050,1959,0,98118,47.5501,-122.261,2500,11100
"6833",3333002302,"20150213T000000",428000,4,2.5,1950,5602,1,0,0,5,7,1120,830,1966,0,98118,47.5437,-122.291,2000,6050
"6856",1102000527,"20140902T000000",1437500,4,3.75,4410,9231,3,0,3,3,11,4410,0,2001,0,98118,47.5427,-122.265,2160,6600
"6888",7129301578,"20140521T000000",495000,3,3.5,2380,6250,2,0,3,3,8,1670,710,1997,0,98118,47.5137,-122.252,2540,4010
"6895",6882520050,"20141007T000000",250000,3,1,930,6060,1,0,0,4,6,930,0,1973,0,98118,47.5289,-122.28,1640,6364
"6903",5249801440,"20141216T000000",250000,3,1,1660,7650,1.5,0,0,3,7,1350,310,1910,0,98118,47.5576,-122.277,1750,5760
"6904",5249801440,"20150422T000000",570000,3,1,1660,7650,1.5,0,0,3,7,1350,310,1910,0,98118,47.5576,-122.277,1750,5760
"7025",1102001112,"20150213T000000",802500,4,2.25,1950,7000,1,0,1,3,8,1450,500,1957,0,98118,47.5426,-122.262,1840,6440
"7055",1703900005,"20150501T000000",465000,3,1,1210,4872,1,0,0,4,6,1210,0,1949,0,98118,47.5551,-122.273,1070,4872
"7073",2624049073,"20140729T000000",360000,2,1,780,4200,1,0,0,3,6,780,0,1920,0,98118,47.5381,-122.267,1620,6000
"7154",5249803870,"20140902T000000",530000,4,3,2240,5580,2,0,0,5,7,1830,410,1949,0,98118,47.5598,-122.27,1530,4800
"7157",1604601155,"20141208T000000",180000,3,1,780,3540,1,0,0,2,6,780,0,1920,0,98118,47.565,-122.291,1260,3540
"7196",5649600225,"20150403T000000",457500,3,1,960,4600,1.5,0,0,4,6,960,0,1927,0,98118,47.5553,-122.286,1380,5175
"7198",717000225,"20141028T000000",235000,2,2,870,6450,1,0,0,4,6,740,130,1954,0,98118,47.5354,-122.278,1640,5775
"7215",7139800020,"20141016T000000",369000,3,1.5,2110,5195,1,0,0,3,7,1210,900,1959,0,98118,47.5283,-122.286,1950,5195
"7230",5249802660,"20140730T000000",425000,3,1,980,4800,1.5,0,0,3,7,980,0,1926,0,98118,47.5663,-122.274,2030,7200
"7256",1005000250,"20150130T000000",350000,2,1,840,5551,1,0,0,3,6,840,0,1952,0,98118,47.5354,-122.28,1270,4652
"7318",6607000095,"20150218T000000",286000,4,1.5,1600,5750,2,0,0,4,6,1600,0,1902,0,98118,47.5437,-122.28,1690,5750
"7352",6882510020,"20140715T000000",340000,4,1.75,1800,5210,1,0,0,5,7,1080,720,1979,0,98118,47.5298,-122.28,1870,5365
"7402",3336001470,"20140619T000000",311000,3,1.75,1900,3000,1.5,0,0,5,7,1070,830,1903,0,98118,47.5255,-122.265,1130,6000
"7463",7129301851,"20140923T000000",245000,2,1,1120,5650,1,0,1,3,6,720,400,1904,0,98118,47.5155,-122.255,2160,6480
"7466",2658000373,"20150122T000000",305000,4,2,1610,6250,1,0,0,4,7,1610,0,1952,0,98118,47.5293,-122.271,1310,6000
"7541",4006000571,"20150312T000000",183750,5,2.75,1650,5453,1,0,0,3,7,1650,0,1970,0,98118,47.5293,-122.285,1670,5885
"7591",8121100147,"20140714T000000",390000,3,2.25,1640,2875,2,0,0,3,6,1240,400,1983,0,98118,47.5686,-122.286,1500,3960
"7663",6064800090,"20150507T000000",365000,3,2.25,1960,1985,2,0,0,3,7,1750,210,2003,0,98118,47.5419,-122.289,1760,1985
"7667",1443500905,"20150205T000000",219950,3,1,1020,4960,1.5,0,0,3,6,920,100,1926,0,98118,47.5328,-122.275,1230,7335
"7722",3333000775,"20140903T000000",249900,3,1,1100,5000,1,0,0,3,7,1100,0,1960,0,98118,47.5433,-122.283,1020,5000
"7751",3031200246,"20140711T000000",250000,3,1,920,4429,1,0,0,3,7,920,0,1952,0,98118,47.5369,-122.291,1320,7860
"7772",3904100220,"20141209T000000",276000,2,2,1480,6075,1,0,0,5,7,740,740,1919,0,98118,47.5317,-122.276,1230,6053
"7789",2621660040,"20140629T000000",325000,5,2.75,2130,6222,1,0,0,3,7,1300,830,1991,0,98118,47.5272,-122.276,2130,6222
"7792",1702901485,"20140603T000000",440000,2,1,1230,6600,1,0,0,3,7,1130,100,1906,0,98118,47.5573,-122.282,1260,5060
"7822",3332000530,"20141105T000000",599000,5,3.25,2590,6180,1,0,0,3,7,1330,1260,1960,0,98118,47.551,-122.272,1560,6180
"7824",1102000237,"20150428T000000",712500,4,2.75,2420,11201,1,0,1,3,8,1420,1000,1948,1999,98118,47.5459,-122.265,3170,9385
"7827",1601600195,"20150319T000000",299000,3,1,1510,6200,1,0,0,3,6,1010,500,1955,0,98118,47.5293,-122.274,1710,8623
"7843",7866000158,"20141022T000000",320000,4,3,1820,3120,1,0,0,3,7,1000,820,1997,0,98118,47.5468,-122.274,1600,5001
"7856",3331500940,"20140617T000000",342000,2,1,740,6180,1,0,0,3,6,740,0,1948,0,98118,47.5517,-122.272,1330,4635
"7872",3445400120,"20140725T000000",267500,3,1.5,1390,2153,2,0,0,3,7,1390,0,2001,0,98118,47.5506,-122.29,1100,2617
"7875",9459200110,"20140610T000000",315000,2,1,1740,3622,1,0,0,4,7,950,790,1924,0,98118,47.5541,-122.29,1270,3800
"7935",3812400107,"20150330T000000",378500,4,2,1830,6000,1,0,0,5,7,1070,760,1953,0,98118,47.5453,-122.279,1830,5500
"7972",3331500485,"20150102T000000",350000,2,1,800,5150,1,0,0,4,6,800,0,1949,0,98118,47.5525,-122.274,1280,5150
"8010",3723800097,"20141211T000000",476500,4,1.75,1670,10200,1,0,0,3,7,1390,280,1953,0,98118,47.5524,-122.267,1720,6860
"8014",603001050,"20140723T000000",230000,2,1,1430,4000,1,0,0,3,7,930,500,1949,0,98118,47.5233,-122.284,1110,4000
"8037",3330500925,"20150224T000000",258305,2,1.5,750,2964,1,0,0,5,5,750,0,1919,0,98118,47.5518,-122.277,1350,3090
"8070",3336002215,"20150225T000000",319950,2,1,1240,5500,1.5,0,0,3,6,1240,0,1921,0,98118,47.5257,-122.263,1520,5500
"8104",1443501020,"20141113T000000",163250,2,1,770,8150,1,0,0,3,6,770,0,1951,0,98118,47.5324,-122.275,1140,8550
"8118",5649600266,"20150224T000000",386000,3,1.5,1550,8000,1,0,0,3,6,1330,220,1980,0,98118,47.5536,-122.286,1150,5150
"8121",4006000183,"20140909T000000",450000,7,4,3150,7800,2,0,0,3,8,3150,0,2013,0,98118,47.5259,-122.279,1880,6000
"8125",1604601570,"20140905T000000",374000,2,2.25,1100,1695,2,0,0,3,9,1100,0,2009,0,98118,47.5663,-122.289,1100,3082
"8152",5249803550,"20140602T000000",635000,3,2.5,1960,7200,1,0,0,4,8,980,980,1940,0,98118,47.5655,-122.27,1440,7200
"8177",3333002710,"20140917T000000",299000,3,1,1550,8778,1,0,0,3,7,1250,300,1952,0,98118,47.5413,-122.281,2120,7268
"8225",7129303045,"20150417T000000",949950,5,2.5,2340,1989,2,1,4,3,8,2340,0,1959,0,98118,47.5193,-122.257,2200,3230
"8229",3331500121,"20150210T000000",342888,2,1,790,5150,1,0,0,4,6,790,0,1948,0,98118,47.5528,-122.272,1460,5150
"8255",5250300035,"20141008T000000",910000,4,1.5,2890,9000,2,0,4,3,8,2090,800,1939,0,98118,47.5682,-122.274,2550,8400
"8264",1105000432,"20140822T000000",224000,3,1.5,1440,8370,1,0,0,3,7,1440,0,1977,0,98118,47.5418,-122.275,1440,8370
"8272",1703401110,"20140807T000000",292000,2,1,880,5500,1,0,0,3,6,880,0,1904,0,98118,47.5573,-122.289,1080,5500
"8300",2624049165,"20140513T000000",575000,3,1.75,1580,11750,1,0,0,4,7,1180,400,1951,0,98118,47.5368,-122.265,2150,11750
"8313",2658000215,"20140812T000000",207000,2,1,820,4860,1,0,0,5,6,820,0,1955,0,98118,47.5298,-122.271,1240,6000
"8323",1443500395,"20150504T000000",360000,3,1.5,1060,6232,1,0,0,4,7,1060,0,1968,0,98118,47.5329,-122.271,1120,5379
"8325",7129303970,"20150304T000000",239950,2,1,1280,5500,1,0,0,3,7,1280,0,1949,0,98118,47.5179,-122.264,1270,5500
"8333",3336000296,"20141113T000000",250000,4,1.5,1220,4900,1,0,0,3,6,1220,0,1942,0,98118,47.5292,-122.269,1410,3000
"8341",4154300296,"20140926T000000",235000,3,1,960,5030,1,0,0,3,7,960,0,1955,0,98118,47.5611,-122.28,1460,5400
"8342",4154300296,"20150318T000000",545000,3,1,960,5030,1,0,0,3,7,960,0,1955,0,98118,47.5611,-122.28,1460,5400
"8387",7129302806,"20150203T000000",408000,3,1,1420,8000,1,0,4,3,7,1420,0,1950,0,98118,47.5169,-122.255,1780,8295
"8401",7131300035,"20140512T000000",210000,3,2.5,1040,2643,2,0,0,3,7,720,320,2004,0,98118,47.5165,-122.268,1540,5110
"8423",7950304045,"20150331T000000",320000,4,2.75,1640,3000,1,0,0,3,7,1000,640,1984,0,98118,47.5625,-122.283,1150,4545
"8453",1109000040,"20140528T000000",315000,3,2,1300,3731,1,0,0,3,7,900,400,1993,0,98118,47.5374,-122.27,1300,3731
"8462",4006000401,"20140811T000000",140000,2,1,900,6400,1,0,0,2,6,900,0,1940,0,98118,47.5287,-122.281,1350,6405
"8509",7400062,"20140521T000000",299800,2,1,790,5240,1,0,0,4,6,790,0,1925,0,98118,47.5303,-122.288,1430,5320
"8516",2123700100,"20141202T000000",353000,5,2.75,2130,5000,1,0,0,5,7,1100,1030,1978,0,98118,47.5271,-122.274,1340,6837
"8523",3331001910,"20140818T000000",312000,2,1,1170,5150,1,0,0,3,6,980,190,1907,0,98118,47.5503,-122.283,1660,5150
"8527",3330501120,"20150325T000000",320000,3,1,960,6180,1,0,0,4,6,960,0,1910,0,98118,47.5518,-122.279,1250,4120
"8613",3904100065,"20141028T000000",340000,2,1,1280,9690,1,0,0,4,6,640,640,1919,0,98118,47.5341,-122.279,1630,15884
"8693",8835401250,"20150506T000000",1485000,6,2.75,4430,6440,2,0,3,3,10,2680,1750,1964,2015,98118,47.5462,-122.265,3530,7314
"8697",4006000580,"20150313T000000",225000,3,1.5,1240,5506,1,0,0,4,7,1240,0,1971,0,98118,47.5294,-122.285,1670,5589
"8723",3333500096,"20150305T000000",625000,4,3,2350,5627,1,0,0,5,8,1490,860,1960,0,98118,47.5514,-122.268,2020,5627
"8732",5249804760,"20150505T000000",479500,2,1,930,5760,1,0,0,3,6,730,200,1917,0,98118,47.5598,-122.266,1970,5760
"8753",3336001515,"20150511T000000",426250,4,1,1610,6000,1.5,0,0,4,7,1510,100,1905,0,98118,47.5261,-122.266,1430,6000
"8788",3333001430,"20140912T000000",509000,3,3,2130,5000,1.5,0,0,3,7,1570,560,1913,0,98118,47.5451,-122.284,1638,4500
"8815",7950300775,"20141204T000000",350000,1,1,790,4590,1,0,0,3,6,790,0,1911,0,98118,47.5677,-122.285,1070,4590
"8819",3723800409,"20140507T000000",568000,3,2,2350,5080,1.5,0,0,3,8,1780,570,1929,0,98118,47.5516,-122.263,1700,5080
"8871",1109000175,"20150508T000000",370000,4,2,1950,3757,1,0,0,4,6,1160,790,1908,0,98118,47.5372,-122.269,1720,3757
"8874",2660500365,"20150106T000000",392000,3,1,1230,9600,1,0,0,3,7,1230,0,1952,0,98118,47.5553,-122.288,1510,6600
"8945",2341300115,"20140808T000000",235000,2,1,720,6321,1,0,0,3,6,720,0,1940,0,98118,47.551,-122.289,920,5684
"8981",7243500015,"20141003T000000",275000,4,2,1720,5472,1,0,0,3,6,860,860,1923,0,98118,47.5299,-122.288,1720,5670
"9056",1105000229,"20140919T000000",285000,5,3,2110,5260,2,0,0,3,7,1670,440,2002,0,98118,47.5449,-122.272,2110,5260
"9102",7129301001,"20141209T000000",675000,4,2.75,2670,6780,2,0,3,5,8,1630,1040,1908,0,98118,47.5131,-122.256,2400,5989
"9109",7338400945,"20150224T000000",420000,3,1.5,2080,5000,1,0,0,3,7,1300,780,1963,0,98118,47.5322,-122.29,1860,5000
"9209",1704900206,"20140602T000000",465500,3,1.75,1890,7004,1,0,0,3,7,1290,600,1965,0,98118,47.5557,-122.28,1440,5378
"9263",8835400805,"20140522T000000",657000,4,1.75,2740,8520,1,0,2,3,8,1370,1370,1954,0,98118,47.5445,-122.263,2740,9286
"9339",402000145,"20141028T000000",217000,2,1,970,5600,1,0,0,3,6,970,0,1951,0,98118,47.5297,-122.277,1020,5600
"9480",1443500385,"20140513T000000",155000,2,1,910,6232,1,0,0,3,6,910,0,1943,0,98118,47.5328,-122.272,1070,6232
"9546",2658000115,"20140618T000000",190000,1,1,720,4800,1,0,0,3,6,720,0,1914,0,98118,47.5303,-122.27,1240,4860
"9549",1105000015,"20140609T000000",417000,2,1,920,6600,1,0,0,3,6,920,0,1919,2003,98118,47.5452,-122.27,1510,5944
"9555",2589300180,"20140630T000000",408000,5,3.25,2820,6589,1.5,0,0,3,7,2320,500,1906,2014,98118,47.5357,-122.273,1560,5647
"9561",3904100035,"20140508T000000",235000,2,1,1270,3008,1,0,0,4,6,650,620,1923,0,98118,47.5351,-122.279,1270,1514
"9563",3331500820,"20140610T000000",516200,3,2,2110,5150,1,0,0,5,6,1080,1030,1919,0,98118,47.5521,-122.271,1170,5107
"9577",223049087,"20140616T000000",277000,3,1,1100,8536,1,0,0,4,7,1100,0,1957,0,98118,47.5162,-122.261,1570,8040
"9746",1102000270,"20140701T000000",1080000,3,2.75,3890,7216,2,0,1,3,8,3260,630,1967,2010,98118,47.5445,-122.266,2490,9920
"9843",7950304075,"20140813T000000",225000,4,1,1150,6000,1.5,0,0,3,6,1150,0,1907,0,98118,47.562,-122.283,840,3030
"9876",7129303240,"20150102T000000",332500,3,2,1600,7995,1,0,0,3,7,1600,0,1950,1984,98118,47.5177,-122.257,2440,6900
"9889",1231000310,"20140812T000000",713000,1,1,1180,4000,1.5,0,2,4,8,840,340,1910,0,98118,47.5561,-122.266,1420,4000
"9939",8842400071,"20140507T000000",352000,5,2.5,2420,8560,1,0,2,3,7,1620,800,1978,0,98118,47.532,-122.285,2210,7040
"10045",7950303270,"20150302T000000",585000,2,1,1110,6000,1,0,0,3,7,1010,100,1951,0,98118,47.5632,-122.282,1410,3500
"10048",1231001090,"20140724T000000",362362,2,1,710,4000,1,0,0,3,6,710,0,1909,0,98118,47.5535,-122.269,960,4000
"10136",2624049050,"20150213T000000",338000,2,1,1470,5566,1,0,0,4,7,770,700,1919,0,98118,47.5348,-122.269,1410,5808
"10148",3419600125,"20140701T000000",245000,3,2,1190,4072,1.5,0,0,5,6,1190,0,1907,0,98118,47.5276,-122.274,1680,5850
"10196",4154305085,"20150226T000000",690000,5,3.5,2690,4800,2,0,2,3,8,1930,760,1919,1984,98118,47.5592,-122.269,2080,4900
"10292",3330500075,"20150424T000000",465000,3,1,930,3348,1,0,0,4,6,930,0,1926,0,98118,47.5532,-122.277,1210,3348
"10315",4154304740,"20150224T000000",709000,3,2.75,2780,7200,1.5,0,0,4,8,1870,910,1913,0,98118,47.5632,-122.27,1700,7200
"10333",6064800550,"20140802T000000",247800,3,2.5,1580,2170,2,0,0,3,7,1580,0,2003,0,98118,47.5418,-122.289,1610,1917
"10425",7129800036,"20150114T000000",109000,2,0.5,580,6900,1,0,0,3,5,580,0,1941,0,98118,47.5135,-122.262,1570,5040
"10460",5249802085,"20140902T000000",855000,4,2,2380,10800,2,0,2,3,8,2380,0,1925,0,98118,47.5682,-122.275,2112,6600
"10481",7129304375,"20140714T000000",202000,1,0.75,590,5650,1,0,0,3,6,590,0,1944,0,98118,47.5181,-122.267,980,5650
"10522",1766600075,"20140902T000000",389100,2,1,840,5400,1,0,0,4,7,840,0,1948,0,98118,47.5489,-122.271,1340,5400
"10685",5249803645,"20140829T000000",452000,2,1,1220,6000,1,0,0,3,6,880,340,1938,0,98118,47.5647,-122.27,1220,6840
"10789",4154302075,"20150116T000000",2e+05,2,1,830,7200,1,0,0,2,6,830,0,1920,0,98118,47.5604,-122.275,1150,6600
"10994",6888900060,"20141116T000000",326000,6,3,2580,8064,1.5,0,0,3,7,1880,700,1913,0,98118,47.5549,-122.287,1510,6084
"11013",1314300046,"20140630T000000",308000,3,1,1010,8800,1,0,0,4,7,1010,0,1954,0,98118,47.5483,-122.278,1400,4095
"11023",1705400550,"20150213T000000",467500,3,1,1700,4165,1.5,0,0,3,7,1700,0,1918,0,98118,47.5569,-122.277,1400,4165
"11134",6064800060,"20150506T000000",330000,3,2.25,1960,1985,2,0,0,3,7,1750,210,2003,0,98118,47.5417,-122.289,1760,1985
"11178",7338401230,"20140828T000000",285000,3,1.75,1020,5000,1,0,0,5,6,1020,0,1954,0,98118,47.5332,-122.29,1360,5000
"11230",1005000240,"20141219T000000",395000,2,1,1200,6014,1,0,0,4,6,600,600,1949,0,98118,47.5357,-122.28,1270,4652
"11264",1102001274,"20150415T000000",951000,3,2.25,3400,12825,1,0,1,3,9,3400,0,1961,0,98118,47.5435,-122.26,2510,11574
"11265",7950303290,"20150402T000000",499950,3,1.75,2060,3500,1,0,0,5,7,1030,1030,1951,0,98118,47.5635,-122.282,1110,6000
"11344",8113101070,"20150423T000000",334900,4,1.75,2180,4066,1.5,0,0,3,6,1270,910,1911,0,98118,47.5487,-122.277,1400,1343
"11354",7950302121,"20140716T000000",289000,2,1.5,1010,1309,2,0,0,3,7,860,150,2007,0,98118,47.5659,-122.286,1190,3060
"11492",3214200070,"20150429T000000",457500,3,1,1210,7636,1,0,0,4,7,1210,0,1952,0,98118,47.5377,-122.266,1530,5900
"11510",3812400202,"20141114T000000",156000,2,1.75,590,6138,1,0,0,2,5,590,0,1947,0,98118,47.545,-122.278,1360,7112
"11519",7129302800,"20141212T000000",420000,3,1.5,1780,5000,1,0,4,4,7,1030,750,1958,0,98118,47.5168,-122.256,1780,7500
"11699",4154300505,"20141024T000000",315000,2,1,780,7200,1,0,0,2,6,780,0,1935,0,98118,47.5609,-122.279,1750,7200
"11800",6882510060,"20140825T000000",365000,4,2.5,1800,5070,1,0,0,5,7,1080,720,1979,0,98118,47.5303,-122.28,1870,5365
"11869",1231000640,"20140911T000000",290000,2,1,960,4000,1,0,0,3,6,960,0,1918,0,98118,47.5554,-122.267,1210,4000
"11888",3336001360,"20140826T000000",254000,2,1,910,6000,1,0,0,3,6,910,0,1943,0,98118,47.5253,-122.266,1460,5800
"11896",8113101000,"20140722T000000",336000,4,1,1780,4310,1.5,0,0,5,6,1780,0,1919,0,98118,47.5486,-122.278,1460,4310
"11968",3330500335,"20150422T000000",325000,2,1,1010,6180,1,0,0,3,6,1010,0,1903,0,98118,47.5532,-122.28,1560,6180
"11996",2724049185,"20150325T000000",175000,3,1.75,1430,4920,1,0,0,2,6,1430,0,1957,0,98118,47.5388,-122.275,1550,5646
"12070",7950302255,"20150324T000000",404500,2,2,1320,3060,1.5,0,0,4,6,1320,0,1910,0,98118,47.5643,-122.284,1410,3264
"12074",7129302685,"20140911T000000",699000,3,2,2010,4320,2,0,2,3,9,2010,0,1999,0,98118,47.5153,-122.256,1640,5225
"12118",4154303655,"20141211T000000",585000,2,1.75,1830,7200,1,0,2,4,7,1070,760,1949,0,98118,47.5592,-122.273,1570,6000
"12157",7129304200,"20141222T000000",2e+05,2,1,920,5250,1,0,0,4,6,920,0,1906,0,98118,47.5177,-122.266,1210,5250
"12214",4154303215,"20140828T000000",902000,3,2.75,3240,7200,1,0,2,3,8,1620,1620,1960,0,98118,47.567,-122.273,2700,7200
"12241",1705400350,"20150127T000000",350000,3,1,1050,5518,1,0,0,3,7,1050,0,1948,0,98118,47.5564,-122.278,1490,4269
"12335",2742100016,"20150416T000000",260000,3,1,940,5650,1,0,0,3,6,940,0,1949,0,98118,47.5551,-122.292,1180,5276
"12441",2624049035,"20140617T000000",560000,3,2,2340,3477,1,0,1,5,7,1170,1170,1971,0,98118,47.54,-122.267,2110,6300
"12472",8944550140,"20140519T000000",433500,3,2.5,2200,3360,2,0,0,3,8,2200,0,2009,0,98118,47.5418,-122.287,2130,3423
"12479",3336000626,"20150416T000000",498000,3,1.5,1720,6570,1.5,0,0,4,8,1720,0,1909,0,98118,47.5284,-122.265,1360,6000
"12508",5249801411,"20141010T000000",725000,5,3.75,3360,6000,2,0,0,3,8,2640,720,1963,1999,98118,47.558,-122.277,1930,6000
"12515",3332500636,"20140605T000000",356000,2,1,920,4095,1,0,0,4,6,920,0,1914,0,98118,47.5484,-122.278,1460,4945
"12579",7866500035,"20140805T000000",299000,1,1,740,5000,1,0,0,3,7,740,0,1923,0,98118,47.5519,-122.292,1400,4400
"12609",3812400455,"20141104T000000",291000,7,1,2350,8636,1,0,0,3,7,1550,800,1962,0,98118,47.5432,-122.277,1500,7366
"12619",6617500085,"20150422T000000",5e+05,4,2.5,2900,5760,1,0,0,4,8,1660,1240,1959,0,98118,47.55,-122.272,2250,6098
"12638",5249804655,"20141017T000000",8e+05,4,2.25,2010,7200,1,0,1,4,8,1010,1000,1950,0,98118,47.5591,-122.267,2010,7200
"12669",4006000281,"20140729T000000",227000,3,1.75,2380,12681,1,0,0,1,6,1380,1000,1918,0,98118,47.5294,-122.279,1720,6377
"12680",7186800120,"20150311T000000",350000,4,3,1780,4228,1,0,0,3,7,1780,0,1953,0,98118,47.5488,-122.287,1730,5304
"12715",7857003046,"20150506T000000",460000,5,3,2008,5050,1,0,0,3,7,1216,792,1992,0,98118,47.5376,-122.292,2040,5297
"12733",3241600150,"20140505T000000",287000,3,1,1450,6000,1,0,0,4,7,1450,0,1953,0,98118,47.5238,-122.287,1170,6464
"12752",7867500021,"20140616T000000",470000,3,1.5,1760,6723,1,0,0,3,7,1160,600,1958,0,98118,47.5514,-122.266,2080,8965
"12955",3331001165,"20140926T000000",305000,3,1,820,5150,1,0,0,5,6,820,0,1918,0,98118,47.5514,-122.284,1100,5150
"12981",1443500120,"20150407T000000",310000,2,1,750,5379,1,0,0,3,6,750,0,1919,0,98118,47.5324,-122.272,1030,5511
"12982",3920000040,"20141010T000000",280000,5,2,2110,7919,1,0,0,3,7,1110,1000,1966,0,98118,47.5164,-122.267,1590,5250
"13063",5249803036,"20140714T000000",380000,3,1,1020,4800,1,0,0,3,7,1020,0,1944,0,98118,47.5615,-122.272,1400,5465
"13075",7129304225,"20150108T000000",305000,4,2.25,2340,5250,2,0,0,5,7,2340,0,1965,0,98118,47.5183,-122.266,1540,5250
"13096",1231000458,"20140720T000000",666570,4,2,2320,7400,1.5,0,0,5,7,1620,700,1913,0,98118,47.5558,-122.269,1740,4000
"13102",7129302185,"20141215T000000",290000,2,1,950,5650,1,0,0,5,6,950,0,1943,0,98118,47.5149,-122.257,1250,5650
"13241",1005000220,"20150310T000000",410000,2,1,2020,7540,1,0,0,3,7,1010,1010,1921,0,98118,47.5359,-122.28,1270,4652
"13308",3812400789,"20140731T000000",340000,3,2,1460,5715,1,0,0,3,7,1460,0,1957,2014,98118,47.54,-122.276,1400,5715
"13330",4356200120,"20141023T000000",248000,1,1,790,12000,1,0,0,3,6,790,0,1918,0,98118,47.5146,-122.265,1900,6000
"13390",8835400775,"20141026T000000",594950,4,3.25,2557,9480,2,0,2,3,7,2557,0,1948,1993,98118,47.5449,-122.262,2220,8340
"13394",1443500925,"20150504T000000",455000,2,1,1140,11480,1,0,0,3,6,1140,0,1907,0,98118,47.5328,-122.274,1550,8150
"13438",8121100325,"20150419T000000",575000,4,2.75,1960,4635,1,0,0,4,7,1000,960,1968,0,98118,47.5693,-122.285,1830,6180
"13474",9331800580,"20150310T000000",257000,2,1,1000,3700,1,0,0,3,6,800,200,1929,0,98118,47.552,-122.29,1270,5000
"13563",1604601225,"20150420T000000",423500,3,2,1770,6000,1,0,3,3,7,1100,670,1984,0,98118,47.5644,-122.29,1300,3000
"13565",3331001115,"20140728T000000",299000,3,2.5,1590,3121,2,0,0,3,7,1590,0,1994,0,98118,47.5515,-122.284,1090,4900
"13638",5249803010,"20150121T000000",439000,4,2,1800,5465,1,0,0,3,7,900,900,1942,0,98118,47.561,-122.272,1400,5400
"13651",7131300063,"20150429T000000",350000,4,1.75,2140,4959,1,0,0,3,7,1080,1060,1965,0,98118,47.5166,-122.266,1590,5250
"13672",7129800063,"20150420T000000",330000,5,2.75,2390,6282,1,0,0,4,7,1290,1100,1966,0,98118,47.5149,-122.263,1690,5202
"13677",2122700120,"20140820T000000",235000,3,1,2230,8163,1,0,0,3,7,1230,1000,1966,0,98118,47.5215,-122.275,2380,6874
"13704",1604601855,"20150213T000000",360500,3,1,970,6180,1,0,3,3,6,970,0,1974,0,98118,47.5658,-122.291,1120,4500
"13731",1703900155,"20141113T000000",325000,2,1,790,6000,1,0,0,3,7,790,0,1948,0,98118,47.5543,-122.273,960,6000
"13734",603001020,"20150416T000000",338900,3,1.75,1180,4000,1,0,0,3,7,1040,140,1929,0,98118,47.5226,-122.284,1430,4000
"13779",427000065,"20150126T000000",537500,5,2.5,4340,9108,1,0,0,5,8,2170,2170,1979,0,98118,47.5384,-122.276,2030,6812
"13830",1604600085,"20140711T000000",4e+05,3,2.5,2020,3000,1,0,0,4,6,1010,1010,1910,0,98118,47.5621,-122.291,1670,3000
"13846",1704900180,"20141030T000000",430000,3,1,1560,5225,1.5,0,0,3,7,1260,300,1927,0,98118,47.5554,-122.279,1560,5322
"13848",5249803185,"20141015T000000",525000,4,1.75,2540,7200,1,0,0,4,7,1270,1270,1947,0,98118,47.5579,-122.271,1650,7200
"13860",2589300065,"20140916T000000",329900,3,1.75,1670,5209,1.5,0,0,5,7,1670,0,1908,0,98118,47.5362,-122.271,1990,4960
"14012",7129301445,"20140625T000000",450000,4,2.75,2310,5650,1,0,2,3,8,1330,980,1952,2012,98118,47.513,-122.252,2300,5650
"14032",8113100150,"20140714T000000",210000,3,1,920,6612,1,0,0,3,6,920,0,1948,0,98118,47.548,-122.284,1860,8424
"14072",7131300032,"20150306T000000",235000,4,2,1540,9279,1,0,0,3,7,1540,0,1955,0,98118,47.5163,-122.268,1540,5110
"14130",3330500085,"20140918T000000",366000,2,1,1210,3090,1,0,0,3,6,860,350,1926,0,98118,47.5532,-122.277,1210,3348
"14131",1231001225,"20140916T000000",385000,2,1,1010,4000,1,0,0,3,6,1010,0,1911,0,98118,47.5536,-122.267,1040,4000
"14160",1105000571,"20140610T000000",433000,3,1.75,1870,7189,1,0,0,3,7,1270,600,1959,0,98118,47.5412,-122.27,1780,6200
"14178",3031200230,"20150226T000000",350000,3,1,2480,8906,1,0,0,3,7,1240,1240,1969,0,98118,47.5366,-122.289,1800,8906
"14249",3331000455,"20150217T000000",230000,3,1,1000,4000,1.5,0,0,4,6,1000,0,1915,0,98118,47.5523,-122.286,1040,4240
"14367",3333002450,"20140708T000000",165000,1,1,850,8050,1,0,0,2,6,850,0,1906,0,98118,47.5427,-122.288,1590,5180
"14368",3333002450,"20150122T000000",490000,1,1,850,8050,1,0,0,2,6,850,0,1906,0,98118,47.5427,-122.288,1590,5180
"14478",4356200210,"20150318T000000",153500,3,1,890,4810,1,0,0,3,6,890,0,1910,0,98118,47.5153,-122.266,1230,6057
"14493",1231001115,"20141001T000000",440000,2,1,1190,3400,1,0,0,4,7,990,200,1917,0,98118,47.5539,-122.268,1180,4000
"14497",5249802520,"20140805T000000",402000,5,2.75,2160,7200,1.5,0,0,3,7,1220,940,1955,0,98118,47.5576,-122.273,1900,7200
"14604",2624049103,"20150325T000000",449000,2,1,1250,4576,1,0,0,3,6,1040,210,1925,0,98118,47.5387,-122.266,1550,5000
"14628",7562100065,"20140725T000000",260000,3,2,1170,5450,1,0,0,5,6,1170,0,1902,0,98118,47.5276,-122.273,1340,6384
"14640",8835900220,"20140828T000000",1442500,2,2.5,2720,16637,1,0,3,3,10,2160,560,1953,0,98118,47.5499,-122.264,2880,7320
"14647",5249804825,"20140702T000000",545000,3,2,1340,7200,1.5,0,0,4,7,1340,0,1923,0,98118,47.5601,-122.265,1630,5760
"14702",3331001765,"20140923T000000",335000,3,1,2130,3825,1.5,0,0,3,7,2130,0,1917,0,98118,47.5506,-122.281,1780,5150
"14769",1112000035,"20150311T000000",420000,2,1,1000,5375,1,0,0,3,7,1000,0,1953,0,98118,47.5404,-122.268,1380,5000
"14775",9412400220,"20140710T000000",1612500,4,2.75,5470,18200,2,1,4,3,11,3730,1740,1992,0,98118,47.5316,-122.263,3620,15100
"14851",9830200230,"20150120T000000",389000,2,1.75,1160,4848,2,0,1,4,7,1160,0,1949,0,98118,47.542,-122.265,1990,7440
"14862",3524049042,"20140527T000000",375000,3,1.5,2000,7294,1,0,0,3,7,1520,480,1965,0,98118,47.5297,-122.267,2000,6000
"14920",2147300050,"20140822T000000",462600,3,2,1320,4000,1,0,0,4,6,1020,300,1940,0,98118,47.5515,-122.262,2410,6212
"15017",1703400585,"20141215T000000",325000,3,2,2330,4950,1.5,0,0,3,6,1430,900,1900,0,98118,47.5585,-122.29,1160,5115
"15032",7129303070,"20140820T000000",735000,4,2.75,3040,2415,2,1,4,3,8,3040,0,1966,0,98118,47.5188,-122.256,2620,2433
"15112",1231000660,"20140521T000000",525000,3,1,1450,4000,1,0,1,4,8,950,500,1948,0,98118,47.5554,-122.266,1880,4000
"15160",6064800470,"20140805T000000",310000,3,2.25,1960,2345,2,0,0,3,7,1750,210,2003,0,98118,47.5419,-122.288,1760,1958
"15225",8835400290,"20150309T000000",752000,4,2.5,2570,8178,1,0,2,3,8,1710,860,1961,0,98118,47.5483,-122.261,2050,7500
"15425",1702900664,"20150416T000000",479000,2,2.5,1730,1037,3.5,0,0,3,8,1730,0,2008,0,98118,47.5594,-122.285,1280,1026
"15460",7950302995,"20141110T000000",497950,4,2.5,1950,3000,2,0,0,3,7,1550,400,1998,0,98118,47.565,-122.281,1540,4300
"15463",3333000655,"20150511T000000",334000,2,1,890,6000,1,0,0,3,6,890,0,1941,0,98118,47.5437,-122.281,1090,5900
"15571",2660500095,"20150506T000000",715000,4,1,1710,6050,1.5,0,0,3,7,1410,300,1913,0,98118,47.5569,-122.288,1560,4950
"15585",7129303180,"20141002T000000",310000,3,2,1290,6150,1,0,1,5,6,1290,0,1950,0,98118,47.5181,-122.257,1960,6150
"15602",1231000500,"20140905T000000",275000,3,2,1380,3500,2,0,0,3,7,1380,0,1971,0,98118,47.5558,-122.27,1620,3900
"15608",3904100089,"20140801T000000",190000,3,1.75,1350,7370,1,0,0,4,6,1350,0,1912,0,98118,47.5336,-122.278,1440,6000
"15609",3904100089,"20150318T000000",3e+05,3,1.75,1350,7370,1,0,0,4,6,1350,0,1912,0,98118,47.5336,-122.278,1440,6000
"15616",7129302555,"20141003T000000",260000,2,1,1410,5650,1.5,0,0,3,6,1410,0,1918,0,98118,47.5159,-122.258,1430,5650
"15635",1604602195,"20150223T000000",265000,5,1.75,1580,5292,1,0,0,3,6,980,600,1913,0,98118,47.5677,-122.29,1600,2976
"15783",8835900010,"20140804T000000",579000,3,1,1590,5400,1,0,1,3,8,1280,310,1948,0,98118,47.5509,-122.261,2140,7161
"15804",1703400470,"20141219T000000",375000,2,1,980,3915,1,0,0,4,7,980,0,1919,0,98118,47.5589,-122.29,1425,1576
"15811",7129304540,"20141220T000000",133000,5,2,1430,5600,1.5,0,0,3,6,1430,0,1947,0,98118,47.5192,-122.266,1860,5980
"15812",7129304540,"20150514T000000",440000,5,2,1430,5600,1.5,0,0,3,6,1430,0,1947,0,98118,47.5192,-122.266,1860,5980
"15868",7950304095,"20150217T000000",257500,1,1,710,6060,1,0,0,4,6,710,0,1916,0,98118,47.5621,-122.283,1440,4545
"16055",8113101233,"20150130T000000",330000,3,1,2140,5037,1,0,0,3,7,2140,0,1957,0,98118,47.5494,-122.274,1630,6054
"16081",3330500345,"20150420T000000",230000,2,1,1280,4635,1,0,0,3,6,840,440,1917,0,98118,47.5532,-122.28,1660,6180
"16083",1035000007,"20141218T000000",210000,3,2,1830,4992,1,0,0,3,7,1230,600,1953,0,98118,47.5145,-122.27,2050,7740
"16214",3812400898,"20140909T000000",399950,5,2,2760,6420,1,0,0,5,7,1380,1380,1964,0,98118,47.5396,-122.276,1400,7112
"16270",5297200089,"20150415T000000",664000,2,1.75,1720,5785,1,0,0,3,6,860,860,1948,2002,98118,47.5554,-122.274,1680,5184
"16348",8121100255,"20140507T000000",440000,3,1.75,1500,6180,1,0,0,4,6,1060,440,1947,0,98118,47.5689,-122.284,1740,6180
"16424",1102000095,"20140805T000000",558000,4,2.5,3220,5120,2,0,0,3,9,2420,800,2000,0,98118,47.5434,-122.27,1770,7680
"16439",1102000759,"20141026T000000",755000,3,2.5,2420,8856,1,0,3,3,9,1620,800,1957,0,98118,47.5405,-122.263,2650,9750
"16468",3335000050,"20140714T000000",397000,2,1.75,1610,4104,1,0,0,3,7,950,660,1996,0,98118,47.5565,-122.275,1510,5284
"16519",4154302045,"20150316T000000",376000,2,1,880,2400,1,0,0,3,6,760,120,1918,0,98118,47.5643,-122.275,1180,6300
"16532",7950303530,"20150409T000000",4e+05,4,2,2060,3060,2,0,0,3,7,2060,0,1968,0,98118,47.5631,-122.285,1630,3766
"16539",4006000307,"20140916T000000",155000,2,1,810,4755,1,0,0,3,7,810,0,1980,0,98118,47.5313,-122.28,1180,4755
"16621",603001045,"20150429T000000",256000,3,1,950,4000,1,0,0,3,7,780,170,1949,0,98118,47.5232,-122.284,1230,4000
"16678",3332500095,"20141007T000000",399000,3,2.5,1800,3300,2,0,0,3,7,1690,110,2004,0,98118,47.5491,-122.276,1570,3902
"16679",7950300440,"20141015T000000",305000,2,1,1030,6000,1,0,0,3,7,1030,0,1925,0,98118,47.5669,-122.283,1510,5000
"16683",3332000715,"20140701T000000",433000,4,1.5,1550,5053,1,0,0,4,7,1180,370,1963,0,98118,47.5499,-122.274,1450,5639
"16720",8685500020,"20150512T000000",387000,3,1,1530,6372,1,0,0,3,7,1210,320,1962,0,98118,47.535,-122.289,1960,6426
"16724",5583200345,"20150511T000000",422000,2,1,750,4000,1,0,0,4,6,750,0,1926,0,98118,47.5547,-122.272,1120,5038
"16895",1231000895,"20141105T000000",986000,4,3.5,2840,5900,2,0,0,3,10,1920,920,1910,2008,98118,47.5543,-122.268,1300,4900
"16911",8121100415,"20140530T000000",735000,4,3,2840,4120,1.5,0,0,4,8,2060,780,1931,0,98118,47.5683,-122.283,1840,5871
"16925",2760200050,"20140717T000000",226000,4,1,1270,6459,1.5,0,0,3,7,1270,0,1918,0,98118,47.5441,-122.273,1300,4100
"17032",2742100009,"20140506T000000",385000,3,1.75,1900,5520,1,0,0,3,7,1280,620,1982,0,98118,47.5549,-122.292,1330,5196
"17139",5249803745,"20140529T000000",367500,2,1,810,4800,1,0,0,3,6,810,0,1919,0,98118,47.5614,-122.27,1040,4800
"17174",3336000050,"20150501T000000",435000,6,3,3560,4290,1,0,0,4,7,1780,1780,1957,0,98118,47.5282,-122.269,3040,6000
"17353",3336000170,"20141003T000000",335000,4,1,1480,6500,1.5,0,0,4,7,1480,0,1914,0,98118,47.5282,-122.267,2380,6000
"17358",4154304505,"20140919T000000",435000,2,1,2240,7200,1,0,0,4,7,1120,1120,1940,0,98118,47.5631,-122.271,1390,6000
"17377",4154305575,"20140903T000000",836500,3,2.5,2230,7200,3,0,3,3,9,2230,0,1996,0,98118,47.558,-122.265,2230,7200
"17438",4154303125,"20150423T000000",650000,3,1.75,2330,7200,1,0,0,4,8,1320,1010,1950,0,98118,47.565,-122.274,1820,7200
"17541",5292200010,"20150116T000000",447500,4,2,1770,3332,2,0,0,3,7,1630,140,1924,1975,98118,47.5563,-122.281,1640,4000
"17550",5285200020,"20140718T000000",349950,2,1.75,1640,4176,1,0,0,4,7,1040,600,1948,0,98118,47.5162,-122.26,1460,5200
"17578",3332500100,"20150408T000000",475000,3,2.5,1800,3300,2,0,0,3,7,1690,110,2004,0,98118,47.5491,-122.276,1570,4097
"17599",3336001316,"20141106T000000",160000,2,1,830,4500,1,0,0,3,6,830,0,1920,0,98118,47.5248,-122.265,1092,5350
"17632",7950304065,"20150309T000000",260000,2,1,690,6000,1,0,0,3,6,690,0,1949,0,98118,47.5621,-122.283,840,3030
"17636",4006000423,"20150108T000000",230000,4,1,1870,14703,1.5,0,0,3,6,1090,780,1928,0,98118,47.5274,-122.281,1650,6045
"17730",1705400361,"20141208T000000",6e+05,2,1,2120,6897,1,0,0,4,7,1060,1060,1923,0,98118,47.5566,-122.278,1900,4462
"17759",8101900100,"20150328T000000",310000,3,1,1510,6000,1,0,0,3,8,1170,340,1953,0,98118,47.5168,-122.285,1125,6000
"17787",1112000100,"20150330T000000",740000,5,3.5,3990,5000,2,0,0,3,8,2910,1080,2004,0,98118,47.54,-122.27,1310,5000
"17844",1005000062,"20140801T000000",299000,2,1,1040,4600,1,0,0,4,6,1040,0,1950,0,98118,47.5387,-122.277,1390,5897
"17868",3031200120,"20141118T000000",255000,4,1.75,960,8863,1,0,0,5,6,580,380,1949,0,98118,47.5372,-122.289,1720,8249
"17928",3330501645,"20150223T000000",260000,3,1,1150,3090,1,0,0,3,6,1150,0,1910,0,98118,47.5506,-122.276,1150,5664
"17961",8952900245,"20140715T000000",850000,6,3.25,4920,20590,1,0,3,4,9,2730,2190,1960,0,98118,47.5468,-122.267,3700,14994
"17975",8072000035,"20150326T000000",2e+05,3,1,1200,10703,1.5,0,0,2,7,1200,0,1918,0,98118,47.5209,-122.28,1380,8068
"18137",4154302560,"20141121T000000",550000,3,1.5,2440,7200,1,0,0,3,7,2440,0,1949,0,98118,47.5604,-122.274,1920,6900
"18157",3332000061,"20140805T000000",552500,3,1,2020,4120,1.5,0,0,4,7,1520,500,1929,0,98118,47.5514,-122.271,1200,4635
"18161",7131300031,"20150331T000000",262500,4,2,1540,5110,1,0,0,3,7,1540,0,1957,0,98118,47.5164,-122.268,1540,5110
"18191",9459200120,"20150304T000000",4e+05,3,2,1170,3868,1.5,0,0,4,7,1170,0,1925,0,98118,47.5543,-122.29,1400,3800
"18198",3241600027,"20141006T000000",390000,2,1.5,1870,12960,1.5,0,0,4,6,1350,520,1926,0,98118,47.5234,-122.288,1380,7800
"18204",5414100040,"20140915T000000",299950,2,1,800,3000,1,0,0,3,6,800,0,1904,0,98118,47.5602,-122.292,1640,3400
"18216",6064800730,"20150129T000000",330950,3,2.5,1630,2844,2,0,0,3,7,1630,0,2003,0,98118,47.5413,-122.288,1610,2582
"18230",3330501975,"20141117T000000",475000,5,2,2040,6180,2,0,0,4,7,2040,0,1908,0,98118,47.5503,-122.28,1870,4365
"18511",6064800410,"20140730T000000",3e+05,3,2.25,1960,1585,2,0,0,3,7,1750,210,2003,0,98118,47.5414,-122.288,1760,1958
"18577",4154301371,"20150106T000000",315000,3,1,890,5200,1,0,0,3,7,890,0,1957,0,98118,47.559,-122.277,1420,6000
"18578",1105000787,"20140926T000000",240000,3,2.25,1410,7290,1,0,0,3,7,940,470,1980,0,98118,47.5396,-122.274,1550,7375
"18614",8113101582,"20150415T000000",515000,5,3.5,2310,5249,2,0,0,3,8,1560,750,2000,0,98118,47.5463,-122.272,1900,7296
"18645",2624049115,"20140710T000000",379000,4,1.5,1280,5460,1.5,0,0,5,7,1080,200,1920,0,98118,47.5348,-122.268,1470,5934
"18661",1231001130,"20141113T000000",572000,3,2.25,1860,4000,1.5,0,0,5,7,1020,840,1920,0,98118,47.5539,-122.267,1180,4000
"18673",1105000360,"20150428T000000",320000,3,1.75,1960,11931,1,0,0,3,7,980,980,1954,0,98118,47.5432,-122.272,1460,4498
"18700",3031200205,"20140724T000000",415000,5,2.75,2060,8906,1,0,0,4,7,1220,840,1978,0,98118,47.5358,-122.289,1840,8906
"18706",8121100395,"20140624T000000",425000,4,1.5,1600,6180,1.5,0,0,3,6,1600,0,1946,0,98118,47.5681,-122.285,1410,6180
"18707",8121100395,"20150311T000000",645000,4,1.5,1600,6180,1.5,0,0,3,6,1600,0,1946,0,98118,47.5681,-122.285,1410,6180
"18721",4109600306,"20150218T000000",475000,2,1,920,5157,1,0,0,3,6,920,0,1909,0,98118,47.5499,-122.269,1700,5150
"18726",3331001285,"20150108T000000",180000,3,1,1020,5500,1.5,0,0,3,7,1020,0,1961,0,98118,47.5502,-122.286,1160,5500
"18739",2660500283,"20140624T000000",210000,2,1,970,5500,1,0,0,3,7,970,0,1956,0,98118,47.556,-122.291,1180,6000
"18763",3332000615,"20141020T000000",310000,3,1,1330,3740,1.5,0,0,3,6,1330,0,1903,0,98118,47.5502,-122.274,1330,5053
"18764",3332000615,"20150422T000000",389000,3,1,1330,3740,1.5,0,0,3,6,1330,0,1903,0,98118,47.5502,-122.274,1330,5053
"18802",3336000230,"20150323T000000",230005,2,1,1030,6000,1,0,0,2,7,830,200,1951,0,98118,47.5291,-122.268,1770,5000
"18805",3331000220,"20140814T000000",280000,4,1.5,1940,6386,1,0,0,3,7,1140,800,1954,0,98118,47.5533,-122.285,1340,6165
"18810",603000150,"20140616T000000",335000,3,1.5,2040,6000,1,0,0,3,7,1340,700,1957,0,98118,47.5218,-122.286,1190,6000
"18821",3331500455,"20141203T000000",474950,3,2.25,1850,2575,2,0,0,3,9,1850,0,2013,0,98118,47.5525,-122.273,1080,4120
"18841",1102001055,"20150424T000000",518000,3,1,1270,6612,1.5,0,3,3,7,1270,0,1927,0,98118,47.5433,-122.264,2100,7680
"18946",5249802240,"20140515T000000",497000,4,2.5,2240,7200,2,0,0,3,8,2240,0,1995,0,98118,47.5636,-122.275,1860,6600
"18947",7950302345,"20140815T000000",345000,3,1,1010,3060,1.5,0,0,3,6,1010,0,1904,0,98118,47.5657,-122.285,1330,4590
"18988",7896300150,"20140929T000000",280000,3,1.75,1670,6034,1,0,0,3,7,990,680,1957,0,98118,47.5209,-122.286,1230,6034
"19010",1604600227,"20150328T000000",441000,2,1,1150,3000,1,0,0,3,6,780,370,1915,0,98118,47.5624,-122.291,1150,5000
"19049",1702901500,"20141121T000000",365000,2,1,920,6600,1,0,0,4,6,920,0,1910,0,98118,47.5572,-122.282,1370,5500
"19059",1604600540,"20150504T000000",450000,3,1,1430,5960,1.5,0,0,4,7,1430,0,1917,0,98118,47.562,-122.289,1140,3960
"19064",1702901340,"20140613T000000",718500,3,2,2910,6600,2,0,0,4,7,1920,990,1900,1988,98118,47.5576,-122.281,1370,5500
"19117",7131300047,"20140826T000000",235000,2,1,2150,4500,1.5,0,0,3,7,1260,890,1917,0,98118,47.5158,-122.267,1590,5010
"19181",323049176,"20140530T000000",325000,3,1.75,2180,10230,1,0,0,4,7,1090,1090,1961,0,98118,47.5158,-122.281,2130,7200
"19267",2341800195,"20141106T000000",302000,2,1,890,5000,1,0,0,4,6,890,0,1947,0,98118,47.5526,-122.287,1160,5000
"19288",1604600790,"20150211T000000",316000,2,2,860,3000,1,0,0,3,6,860,0,1906,0,98118,47.5633,-122.288,1290,3500
"19396",1231000645,"20140801T000000",846000,4,3.25,2720,4000,2,0,1,3,10,2070,650,2014,0,98118,47.5554,-122.267,1450,4000
"19425",3331500650,"20140919T000000",356000,3,1,920,3863,1,0,0,3,6,920,0,1970,0,98118,47.5524,-122.27,1080,5150
"19497",8685500145,"20141230T000000",350000,3,1,1920,6710,1,0,0,3,7,1320,600,1959,0,98118,47.5346,-122.286,1810,5600
"19540",7950302150,"20150410T000000",385000,1,1,660,3570,1,0,0,3,6,660,0,1906,0,98118,47.5659,-122.284,1520,4080
"19546",402000110,"20141017T000000",175000,2,1,960,5508,1,0,0,3,6,770,190,1951,0,98118,47.5307,-122.277,1280,5304
"19665",9188200505,"20140710T000000",275000,4,2.5,1830,3868,2,0,0,3,7,1830,0,2007,0,98118,47.5186,-122.276,2330,3868
"19698",3904100041,"20150424T000000",290750,3,2.5,1270,865,2,0,0,3,7,1080,190,2008,0,98118,47.5351,-122.279,1630,7752
"19705",1604601804,"20150416T000000",532000,3,3.75,2260,2050,2,0,0,3,9,1170,1090,2010,0,98118,47.566,-122.29,2130,3082
"19794",5609000311,"20150410T000000",729999,6,4.5,3600,6110,2,0,0,3,9,2510,1090,2012,0,98118,47.5687,-122.291,1360,5800
"19816",3395071610,"20141126T000000",299950,3,2.5,1320,3150,2,0,0,3,7,1320,0,2005,0,98118,47.5328,-122.282,1390,1725
"19943",8944550100,"20140723T000000",455000,4,2.5,2090,4400,2,0,0,3,8,2090,0,2011,0,98118,47.5403,-122.286,2090,3430
"20131",3336500190,"20150130T000000",252000,3,2.5,1670,4020,2,0,0,3,7,1670,0,2009,0,98118,47.53,-122.268,1670,4020
"20138",6056110430,"20140930T000000",629000,3,2.5,2160,1912,2,0,0,3,9,1970,190,2014,0,98118,47.5642,-122.292,1810,2653
"20158",1102000514,"20141022T000000",970000,5,3.5,3400,9804,2,0,0,3,9,2550,850,2008,0,98118,47.543,-122.266,2380,7440
"20233",3395070980,"20150327T000000",461500,5,3.25,2820,3275,2,0,0,3,8,2230,590,2006,0,98118,47.5339,-122.284,2610,3275
"20260",3336000052,"20141022T000000",221000,3,2.5,1320,1780,2,0,0,3,7,880,440,2005,0,98118,47.528,-122.269,3040,6000
"20277",1105000373,"20150506T000000",252500,2,1.5,1110,986,2,0,0,3,7,950,160,2009,0,98118,47.5427,-122.272,1110,3515
"20314",3395070440,"20150209T000000",305000,3,2.5,1320,2480,2,0,0,3,7,1320,0,2005,0,98118,47.536,-122.284,1320,3240
"20389",5649600464,"20150327T000000",343000,2,1.5,1100,1228,2,0,0,3,7,900,200,2007,0,98118,47.5538,-122.282,1340,1380
"20399",1604601801,"20150217T000000",539000,3,2.75,2130,1400,2,0,0,3,9,1080,1050,2010,0,98118,47.5661,-122.29,1520,3132
"20462",3332500085,"20141027T000000",489950,3,2.5,2540,5237,2,0,0,3,8,2540,0,2011,0,98118,47.5492,-122.276,1800,4097
"20604",3333001997,"20140725T000000",445000,3,2,1620,5101,1,0,0,3,7,590,1030,2006,0,98118,47.5448,-122.288,1700,7750
"20613",2724049222,"20140802T000000",163800,2,2.5,1000,1092,2,0,0,3,7,990,10,2004,0,98118,47.5419,-122.271,1330,1466
"20614",2724049222,"20141201T000000",220000,2,2.5,1000,1092,2,0,0,3,7,990,10,2004,0,98118,47.5419,-122.271,1330,1466
"20672",3395071580,"20150311T000000",310000,3,2.5,1300,3612,2,0,0,3,7,1300,0,2005,0,98118,47.5328,-122.282,1390,2943
"20708",603000926,"20140522T000000",380000,5,3.5,2420,4670,2,0,0,3,7,2420,0,2013,0,98118,47.5241,-122.285,1430,4468
"20720",3395070560,"20150120T000000",440000,5,3.25,2610,3642,2,0,0,3,8,2080,530,2005,0,98118,47.535,-122.284,1750,3118
"20736",7165700200,"20140605T000000",275000,3,3,1390,1080,2,0,0,3,7,1140,250,2006,0,98118,47.5323,-122.281,1450,1081
"20745",1604601572,"20140905T000000",345000,2,2.25,860,696,2,0,0,3,9,860,0,2009,0,98118,47.5663,-122.29,1100,3000
"20751",1702900624,"20140527T000000",370000,2,2.25,1280,835,2,0,0,3,7,1080,200,2009,0,98118,47.5592,-122.284,1280,1246
"20779",6056110200,"20140929T000000",555000,3,3.5,2100,2479,2,0,0,3,9,1450,650,2011,0,98118,47.562,-122.292,1800,2457
"20820",3336500140,"20140919T000000",208800,3,2.5,1390,2450,2,0,0,3,7,1390,0,2009,0,98118,47.5298,-122.269,1390,2450
"20969",3336500180,"20140605T000000",324500,3,2.5,1660,3990,2,0,0,3,7,1660,0,2009,0,98118,47.5298,-122.268,1670,4050
"21011",1604601803,"20150408T000000",525000,3,2.75,2130,1400,2,0,0,3,9,1080,1050,2010,0,98118,47.5661,-122.29,1880,3132
"21033",6056110150,"20150320T000000",5e+05,2,2.5,1950,2162,2,0,0,3,9,1500,450,2012,0,98118,47.5622,-122.292,1800,2457
"21035",8121100155,"20150225T000000",810000,4,3.5,2700,2868,2,0,0,3,11,1920,780,2006,0,98118,47.5685,-122.286,1430,3858
"21187",7896300592,"20150114T000000",303500,6,4.5,3390,7200,2,0,0,3,8,2440,950,2007,0,98118,47.5205,-122.288,2040,7214
"21244",1105000402,"20141028T000000",630000,4,3,3640,5096,2,0,0,3,8,2740,900,2010,0,98118,47.5428,-122.27,1910,9189
"21270",1601600167,"20140507T000000",365000,5,2.75,2410,5003,1,0,0,3,7,1410,1000,2008,0,98118,47.5298,-122.274,1590,5003
"21310",6056110460,"20150414T000000",669000,2,2.5,1640,1953,2,0,0,3,10,1640,0,2014,0,98118,47.5639,-122.292,1820,2653
"21350",1704900303,"20141211T000000",608000,3,2.25,1720,5234,2,0,0,3,9,1240,480,2011,0,98118,47.5547,-122.278,1720,5825
"21367",5649600462,"20150224T000000",370000,2,2.5,1390,1821,2,0,0,3,7,1180,210,2007,0,98118,47.5537,-122.282,1350,1821
"21399",3333000745,"20150417T000000",350000,4,2.5,1660,2500,2,0,0,3,7,1660,0,2007,0,98118,47.5437,-122.283,1030,5000
"21440",1703400910,"20140811T000000",639000,3,2.5,2010,3300,2,0,0,3,9,1610,400,2014,0,98118,47.5573,-122.287,1660,4950
"21482",3331000035,"20140527T000000",495000,3,2.5,1750,1548,3,0,0,3,9,1750,0,2013,0,98118,47.5532,-122.282,1750,3960
"21520",1702901618,"20150407T000000",420000,1,2,1070,675,2,0,0,3,8,880,190,2007,0,98118,47.5574,-122.284,1220,788
"21523",603000555,"20150302T000000",462500,6,3,2390,4000,2,0,0,3,7,2390,0,2014,0,98118,47.5173,-122.286,1680,5000
